Datetime,Water Level (m)
2025-02-19 00:00:00,0.12071166
2025-02-19 01:00:00,-0.10322153
2025-02-19 02:00:00,-0.29084262
2025-02-19 03:00:00,-0.4573395
2025-02-19 04:00:00,-0.59666246
2025-02-19 05:00:00,-0.707519
2025-02-19 06:00:00,-0.7673601
2025-02-19 07:00:00,-0.608666
2025-02-19 08:00:00,-0.33217207
2025-02-19 09:00:00,-0.056389906
2025-02-19 10:00:00,0.15805925
2025-02-19 11:00:00,0.26605088
2025-02-19 12:00:00,0.2115201
2025-02-19 13:00:00,0.010230102
2025-02-19 14:00:00,-0.18791683
2025-02-19 15:00:00,-0.35808322
2025-02-19 16:00:00,-0.49685335
2025-02-19 17:00:00,-0.59261245
2025-02-19 18:00:00,-0.61192846
2025-02-19 19:00:00,-0.4462775
2025-02-19 20:00:00,-0.22617292
2025-02-19 21:00:00,-0.014033983
2025-02-19 22:00:00,0.1316286
2025-02-19 23:00:00,0.17847943
2025-02-20 00:00:00,0.07379076
2025-02-20 01:00:00,-0.123770244
2025-02-20 02:00:00,-0.3072821
2025-02-20 03:00:00,-0.4731932
2025-02-20 04:00:00,-0.61529344
2025-02-20 05:00:00,-0.7280664
2025-02-20 06:00:00,-0.80215985
2025-02-20 07:00:00,-0.7335747
2025-02-20 08:00:00,-0.5056878
2025-02-20 09:00:00,-0.27157998
2025-02-20 10:00:00,-0.06388621
2025-02-20 11:00:00,0.076360635
2025-02-20 12:00:00,0.12737457
2025-02-20 13:00:00,0.05465864
2025-02-20 14:00:00,-0.10929482
2025-02-20 15:00:00,-0.26798236
2025-02-20 16:00:00,-0.4080592
2025-02-20 17:00:00,-0.51481754
2025-02-20 18:00:00,-0.5839497
2025-02-20 19:00:00,-0.5794922
2025-02-20 20:00:00,-0.42349136
2025-02-20 21:00:00,-0.24282557
2025-02-20 22:00:00,-0.09004793
2025-02-20 23:00:00,-0.0081541855
2025-02-21 00:00:00,-0.018555414
2025-02-21 01:00:00,-0.14609827
2025-02-21 02:00:00,-0.30754828
2025-02-21 03:00:00,-0.4631991
2025-02-21 04:00:00,-0.5970322
2025-02-21 05:00:00,-0.70492643
2025-02-21 06:00:00,-0.7843455
2025-02-21 07:00:00,-0.80320907
2025-02-21 08:00:00,-0.6834407
2025-02-21 09:00:00,-0.501019
2025-02-21 10:00:00,-0.31362194
2025-02-21 11:00:00,-0.14658625
2025-02-21 12:00:00,-0.021122614
2025-02-21 13:00:00,0.04261203
2025-02-21 14:00:00,0.015932672
2025-02-21 15:00:00,-0.09963816
2025-02-21 16:00:00,-0.2358213
2025-02-21 17:00:00,-0.3577516
2025-02-21 18:00:00,-0.45224783
2025-02-21 19:00:00,-0.50630856
2025-02-21 20:00:00,-0.49569735
2025-02-21 21:00:00,-0.41210204
2025-02-21 22:00:00,-0.30360433
2025-02-21 23:00:00,-0.20710537
2025-02-22 00:00:00,-0.15900047
2025-02-22 01:00:00,-0.18195638
2025-02-22 02:00:00,-0.27978846
2025-02-22 03:00:00,-0.40148407
2025-02-22 04:00:00,-0.51853853
2025-02-22 05:00:00,-0.62097555
2025-02-22 06:00:00,-0.7023331
2025-02-22 07:00:00,-0.7607172
2025-02-22 08:00:00,-0.7817877
2025-02-22 09:00:00,-0.71200246
2025-02-22 10:00:00,-0.5673646
2025-02-22 11:00:00,-0.40741596
2025-02-22 12:00:00,-0.24603488
2025-02-22 13:00:00,-0.09614326
2025-02-22 14:00:00,0.0058718575
2025-02-22 15:00:00,0.04044563
2025-02-22 16:00:00,0.00017063074
2025-02-22 17:00:00,-0.11573862
2025-02-22 18:00:00,-0.24825917
2025-02-22 19:00:00,-0.371777
2025-02-22 20:00:00,-0.47181654
2025-02-22 21:00:00,-0.54201186
2025-02-22 22:00:00,-0.5770183
2025-02-22 23:00:00,-0.5652257
2025-02-23 00:00:00,-0.47886428
2025-02-23 01:00:00,-0.37017342
2025-02-23 02:00:00,-0.28246534
2025-02-23 03:00:00,-0.25064152
2025-02-23 04:00:00,-0.2935464
2025-02-23 05:00:00,-0.3907781
2025-02-23 06:00:00,-0.5023117
2025-02-23 07:00:00,-0.61338645
2025-02-23 08:00:00,-0.71274376
2025-02-23 09:00:00,-0.78851354
2025-02-23 10:00:00,-0.8156295
2025-02-23 11:00:00,-0.7237191
2025-02-23 12:00:00,-0.5432256
2025-02-23 13:00:00,-0.3353513
2025-02-23 14:00:00,-0.13121016
2025-02-23 15:00:00,0.031044694
2025-02-23 16:00:00,0.12544885
2025-02-23 17:00:00,0.13076198
2025-02-23 18:00:00,0.022125749
2025-02-23 19:00:00,-0.14773135
2025-02-23 20:00:00,-0.30825326
2025-02-23 21:00:00,-0.45304948
2025-02-23 22:00:00,-0.5714726
2025-02-23 23:00:00,-0.66083485
2025-02-24 00:00:00,-0.70074093
2025-02-24 01:00:00,-0.6024928
2025-02-24 02:00:00,-0.41418174
2025-02-24 03:00:00,-0.24795985
2025-02-24 04:00:00,-0.14008024
2025-02-24 05:00:00,-0.12535849
2025-02-24 06:00:00,-0.22225024
2025-02-24 07:00:00,-0.37169796
2025-02-24 08:00:00,-0.5232464
2025-02-24 09:00:00,-0.6558484
2025-02-24 10:00:00,-0.7653833
2025-02-24 11:00:00,-0.84533536
2025-02-24 12:00:00,-0.81980425
2025-02-24 13:00:00,-0.5975732
2025-02-24 14:00:00,-0.34133652
2025-02-24 15:00:00,-0.08315092
2025-02-24 16:00:00,0.13102393
2025-02-24 17:00:00,0.26285353
2025-02-24 18:00:00,0.26966164
2025-02-24 19:00:00,0.11945076
2025-02-24 20:00:00,-0.09164858
2025-02-24 21:00:00,-0.2796125
2025-02-24 22:00:00,-0.44499364
2025-02-24 23:00:00,-0.58548635
2025-02-25 00:00:00,-0.6946765
